"Theta [deg]","dB(GainLHCP) [] - Freq='2.32GHz' Phi='0deg'","dB(GainLHCP) [] - Freq='2.32GHz' Phi='90deg'","dB(GainRHCP) [] - Freq='2.32GHz' Phi='0deg'","dB(GainRHCP) [] - Freq='2.32GHz' Phi='90deg'"
-180,-23.2942620844129,-23.2942620844129,-5.17499324015445,-5.17499324015445
-179,-23.5757823302837,-23.1703656828066,-5.1383173626365,-5.17275463582991
-178,-23.8779694723782,-23.0310701700008,-5.10637362592246,-5.17468047181265
-177,-24.2014330936774,-22.8790644601493,-5.07911724007233,-5.18074177277384
-176,-24.5465369359081,-22.716722560276,-5.05650102514542,-5.19090370337657
-175,-24.9132374275911,-22.5460827832179,-5.03847543035193,-5.2051258097576
-174,-25.3008453682262,-22.3688483003408,-5.02498855679861,-5.22336227012425
-173,-25.7076798716476,-22.1864027720827,-5.0159861849285,-5.24556215406163
-172,-26.1305772023995,-21.9998356897474,-5.01141180780052,-5.27166969010256
-171,-26.5642176989399,-21.809973204331,-5.01120667138591,-5.30162454105785
-170,-27.0002549278096,-21.6174113440477,-5.01530982307397,-5.33536208653659
-169,-27.4262977975514,-21.4225494922698,-5.02365816957654,-5.37281371200849
-168,-27.8249453023771,-21.2256227605388,-5.03618654539892,-5.41390710367008
-167,-28.173330607233,-21.0267324488952,-5.05282779300076,-5.45856654827841
-166,-28.4439373607042,-20.8258741664094,-5.0735128557041,-5.50671323700794
-165,-28.6075407975866,-20.6229634262468,-5.09817088431483,-5.55826557227223
-164,-28.6385214260458,-20.4178586694382,-5.12672935830713,-5.61313947633213
-163,-28.521275761022,-20.2103817425549,-5.1591142222773,-5.6712487003895
-162,-28.254884852369,-20.0003358831436,-5.19525003820351,-5.73250513274152
-161,-27.8533951833842,-19.7875212731649,-5.23506015385053,-5.79681910444881
-160,-27.3415401449513,-19.5717482191424,-5.27846688743472,-5.86409969085305
-159,-26.7483652593002,-19.3528480177227,-5.32539172841561,-5.93425500717048
-158,-26.1016933985834,-19.1306815722177,-5.37575555400765,-6.0071924962891
-157,-25.4249091099499,-18.9051458415041,-5.42947886071281,-6.08281920681388
-156,-24.7359432195774,-18.6761782268685,-5.4864820098646,-6.16104205933897
-155,-24.0476290870698,-18.4437590326477,-5.54668548585243,-6.24176809888204
-154,-23.3686392252507,-18.2079121693713,-5.61001016536631,-6.32490473139793
-153,-22.7045110251303,-17.9687042996723,-5.67637759567352,-6.41035994229847
-152,-22.0585385121829,-17.7262426538194,-5.74571027961766,-6.49804249494653
-151,-21.4324675256424,-17.4806717603681,-5.81793196472464,-6.58786210716701
-150,-20.8270055851026,-17.2321693461714,-5.89296793351796,-6.67972960392709
-149,-20.2421822697938,-16.9809416580664,-5.97074529189635,-6.77355704448381
-148,-19.6775979376371,-16.7272184463406,-6.05119325221856,-6.86925782247877
-147,-19.1325925384641,-16.471247828902,-6.13424340758174,-6.96674673767744
-146,-18.6063586702692,-16.2132912269652,-6.21982999367885,-7.06594003830131
-145,-18.0980163218419,-15.9536185304097,-6.30789013458353,-7.16675543318398
-144,-17.6066615426905,-15.692503616214,-6.39836406884345,-7.26911207329211
-143,-17.1313974888861,-15.4302203087943,-6.49119535236888,-7.37293050248611
-142,-16.6713536210579,-15.1670388385546,-6.5863310347834,-7.478132577748
-141,-16.225696982947,-14.9032228258994,-6.68372180615814,-7.58464135946879
-140,-15.7936382245911,-14.6390267932764,-6.78332211137768,-7.69238097276074
-139,-15.3744341737986,-14.3746941879384,-6.88509022977754,-7.80127644113277
-138,-14.9673881754015,-14.1104558830676,-6.98898831814579,-7.91125349423558
-137,-14.5718490213648,-13.846529114418,-7.09498241568256,-8.0222383517395
-136,-14.1872090257056,-13.5831168032081,-7.20304241005187,-8.13415748574744
-135,-13.81290161532,-13.3204072130193,-7.31314196422698,-8.2469373644623
-134,-13.4483986834762,-13.0585738882668,-7.4252584044096,-8.36050418011818
-133,-13.0932078681628,-12.7977758237463,-7.53937256988189,-8.47478356444397
-132,-12.7468698599929,-12.5381578182278,-7.65546862621238,-8.58970029515284
-131,-12.408955805354,-12.279850969527,-7.77353384377166,-8.70517799714114
-130,-12.0790648441101,-12.0229732735024,-7.89355834400547,-8.82113884223185
-129,-11.7568218034171,-11.7676302946419,-8.01553481635397,-8.93750325141253
-128,-11.4418750573889,-11.5139158810456,-8.13945820908348,-9.0541896035948
-127,-11.1338945545635,-11.2619129014953,-8.26532539760698,-9.17111395496288
-126,-10.8325700101026,-11.0116939867817,-8.39313483410397,-9.28818977298378
-125,-10.537609256516,-10.7633222614716,-8.52288618240797,-9.40532768912352
-124,-10.2487367448313,-10.5168520557939,-8.65457994220968,-9.52243527425291
-123,-9.96569218712187,-10.2723295903074,-8.78821706662532,-9.63941684063523
-122,-9.68822933085152,-10.0297936284936,-8.92379857710896,-9.75617327426814
-121,-9.41611485542379,-9.78927609443998,-9.06132517954555,-9.87260190120343
-120,-9.14912738147977,-9.55080265437166,-9.20079688515693,-9.98859639129176
-119,-8.8870565837957,-9.31439326201762,-9.3422126395897,-10.1040467025957
-118,-8.6297023990201,-9.08006266869381,-9.48556996324148,-10.2188390694814
-117,-8.37687431992634,-8.84782089961641,-9.63086460552457,-10.3328560371348
-116,-8.12839076830822,-8.6176736983572,-9.77809021537325,-10.4459765449558
-115,-7.88407853910326,-8.38962294157323,-9.92723802987697,-10.5580760609496
-114,-7.64377230877577,-8.1636670262168,-10.0782965824731,-10.6690267688699
-113,-7.40731420142723,-7.93980123139787,-10.2312514316659,-10.7786978094571
-112,-7.17455340652221,-7.71801805695818,-10.3860849107525,-10.8869555766648
-111,-6.9453458425202,-7.49830754064817,-10.5427758985426,-10.993664069265
-110,-6.71955386109251,-7.28065755559853,-10.7012996105481,-11.0986852976793
-109,-6.49704598697457,-7.06505408956136,-10.8616274096046,-11.2018797452831
-108,-6.27769668886175,-6.85148150717799,-11.0237266343571,-11.3031068827879
-107,-6.0613861771017,-6.63992279632005,-11.1875604435097,-11.4022257336156
-106,-5.84800022426801,-6.43035979935568,-11.3530876731916,-11.4990954874452
-105,-5.63743000502131,-6.2227734300192,-11.5202627042367,-11.5935761583523
-104,-5.42957195197407,-6.01714387641366,-11.6890353356105,-11.6855292831653
-103,-5.22432762457556,-5.81345079055251,-11.859350659641,-11.7748186548714
-102,-5.021603588324,-5.61167346475083,-12.0311489341295,-11.8613110851008
-101,-4.82131130189292,-5.41179099510619,-12.2043654458295,-11.9448771889545
-100,-4.62336701003002,-5.21378243226418,-12.378930359196,-12.0253921847046
-99,-4.427691640347,-5.01762691964092,-12.5547685437263,-12.1027367002403
-98,-4.234210702369,-4.82330381927296,-12.7317993726587,-12.1767975775573
-97,-4.04285418745206,-4.63079282548028,-12.909936485262,-12.2474686661295
-96,-3.85355646840464,-4.44007406655902,-13.0890875044792,-12.3146515956861
-95,-3.66625619786557,-4.25112819476204,-13.269153701285,-12.378256518748
-94,-3.48089620469518,-4.06393646487873,-13.4500295968263,-12.4382028133002
-93,-3.29742338782674,-3.87848080178124,-13.6316024932624,-12.494419736178
-92,-3.11578860720401,-3.69474385736809,-13.813751924261,-12.5468470181556
-91,-2.9359465715943,-3.51270905739784,-13.9963490163874,-12.5954353923343
-90,-2.75785572321659,-3.33236063876814,-14.1792557532173,-12.6401470482375
-89,-2.58147811926054,-3.15368367785461,-14.3623241349791,-12.6809560050167
-88,-2.40677931049282,-2.97666411057856,-14.5453952279867,-12.7178483983369
-87,-2.23372821725459,-2.80128874492082,-14.7282981001576,-12.7508226768205
-86,-2.06229700324557,-2.62754526663977,-14.9108486416363,-12.7798897053446
-85,-1.89246094756818,-2.45542223898398,-15.0928482730939,-12.8050727739826
-84,-1.72419831556856,-2.28490909721325,-15.2740825487776,-12.8264075129062
-83,-1.55749022906056,-2.11599613875447,-15.4543196669855,-12.8439417150795
-82,-1.39232053655502,-1.94867450982222,-15.6333089074626,-12.8577350700445
-81,-1.22867568413903,-1.78293618932655,-15.810779023376,-12.867858813466
-80,-1.06654458766046,-1.61877397087254,-15.9864366250959,-12.8743952983484
-79,-0.905918506871162,-1.45618144362906,-16.1599646039934,-12.8774374949133
-78,-0.74679092216928,-1.29515297280621,-16.3310206567816,-12.8770884270191
-77,-0.58915741455785,-1.13568368043484,-16.4992359843462,-12.8734605536866
-76,-0.433015549403722,-0.977769427086511,-16.6642142531244,-12.8666751047592
-75,-0.278364764538812,-0.821406795109375,-16.8255309212658,-12.8568613799737
-74,-0.125206263195906,-0.666593073886266,-16.982733045114,-12.8441560207465
-73,0.0264570877857167,-0.513326247545892,-17.1353396927544,-12.8287022638061
-72,0.176620854112673,-0.361604985477953,-17.282843098911,-12.8106491854469
-71,0.325279124243722,-0.211428635919623,-17.4247106974615,-12.7901509446556
-70,0.472424593418058,-0.0627972227944801,-17.5603881621761,-12.7673660327101
-69,0.618048641349271,0.0842885541019305,-17.6893035707881,-12.7424565360855
-68,0.762141403505938,0.229827315563081,-17.810872780163,-12.7155874186666
-67,0.904691835978577,0.373816996157843,-17.9245060596337,-12.6869258283816
-66,1.04568777401096,0.516254834304203,-18.0296159748965,-12.6566404324688
-65,1.18511598435169,0.657137359471598,-18.1256264469453,-12.624900784693
-64,1.3229622116572,0.79646037682724,-18.2119828318081,-12.5918767269662
-63,1.45921121925017,0.934218949709611,-18.2881627817894,-12.5577378270107
-62,1.59384682460545,1.07040738037284,-18.3536875639684,-12.5226528529555
-61,1.72685192999959,1.20501918949766,-18.40813343497,-12.4867892850857
-60,1.85820854881723,1.33804709500757,-18.4511426115814,-12.450312864376
-59,1.98789782805905,1.46948299076168,-18.4824333435183,-12.4133871769458
-58,2.11590006763916,1.59931792571772,-18.5018085948912,-12.3761732731615
-57,2.24219473709489,1.72754208417026,-18.5091628790946,-12.3388293197965
-56,2.36676049035904,1.85414476766883,-18.5044868682727,-12.3015102834198
-55,2.48957517926109,1.97911437920949,-18.4878695088531,-12.2643676430271
-54,2.61061586643195,2.10243841027104,-18.4594975100759,-12.2275491298378
-53,2.72985883828424,2.22410343123378,-18.4196522206411,-12.1911984921519
-52,2.84727961872782,2.3440950856757,-18.3687040554055,-12.1554552831801
-51,2.962852984258,2.46239808898839,-18.3071047655269,-12.1204546698248
-50,3.07655298102192,2.57899623169421,-18.2353779498297,-12.0863272604801
-49,3.18835294442744,2.69387238777839,-18.1541082744453,-12.0531989500377
-48,3.29822552180843,2.80700852827592,-18.0639298985575,-12.021190780414
-47,3.40614269860263,2.91838574027537,-17.9655145975382,-11.9904188150497
-46,3.51207582843263,3.02798425142062,-17.8595600359811,-11.9609940259747
-45,3.61599566740857,3.13578345990987,-17.7467785798639,-11.9330221921578
-44,3.71787241289509,3.2417619699096,-17.6278869583243,-11.9066038079901
-43,3.81767574690338,3.34589763222182,-17.5035970002415,-11.8818340008584
-42,3.91537488418654,3.44816758996711,-17.3746075868117,-11.8588024568633
-41,4.01093862503145,3.54854832897507,-17.2415978846383,-11.8375933538221
-40,4.10433541265618,3.64701573250987,-17.1052218585658,-11.8182853007588
-39,4.19553339503866,3.74354513990148,-16.9661040116416,-11.8009512831399
-38,4.284500490923,3.83811140860511,-16.8248362616087,-11.7856586131547
-37,4.37120445967382,3.93068897917266,-16.6819758383946,-11.7724688843653
-36,4.45561297457918,4.02125194259116,-16.5380440735038,-11.761437930072
-35,4.53769369913973,4.10977410942434,-16.3935259479927,-11.7526157847557
-34,4.61741436582589,4.19622908018529,-16.2488702686154,-11.7460466479664
-33,4.69474285673904,4.28059031637035,-16.1044903497124,-11.7417688500375
-32,4.76964728557479,4.36283121159567,-15.9607650896702,-11.7398148190217
-31,4.8420960802603,4.44292516229963,-15.8180403437915,-11.7402110482555
-30,4.91205806562006,4.52084563750347,-15.6766305090482,-11.7429780639935
-29,4.9795025454193,4.5965662471604,-15.5368202495659,-11.7481303925843
-28,5.04439938313815,4.67006080866718,-15.3988663042635,-11.755676526713
-27,5.10671908084474,4.74130341116207,-15.2629993294589,-11.7656188902993
-26,5.16643285555996,4.81026847728693,-15.1294257393004,-11.7779538017214
-25,5.22351271254057,4.87693082214842,-14.9983295155243,-11.7926714351363
-24,5.27793151494961,4.9412657092721,-14.8698739653136,-11.8097557797868
-23,5.32966304943325,5.00324890340296,-14.7442034120357,-11.8291845973212
-22,5.37868208717952,5.06285672006491,-14.6214448084995,-11.8509293773158
-21,5.42496444009614,5.12006607184881,-14.5017092662232,-11.8749552913676
-20,5.468487011811,5.17485451145336,-14.38509349721,-11.9012211463239
-19,5.50922784326702,5.22720027155387,-14.2716811670038,-11.9296793374394
-18,5.54716615275427,5.27708230162028,-14.1615441594887,-11.9602758024847
-17,5.58228237029223,5.32448030184645,-14.0547437551109,-11.9929499780914
-16,5.61455816634485,5.3693747543884,-13.9513317250348,-12.0276347598835
-15,5.64397647491855,5.41174695213765,-13.8513513442923,-12.0642564682335
-14,5.67052151115691,5.45157902527818,-13.7548383273064,-12.1027348217703
-13,5.69417878360542,5.4888539658914,-13.6618216893332,-12.1429829210639
-12,5.71493510137357,5.52355565088167,-13.5723245374126,-12.1849072452119
-11,5.73277857646925,5.55566886349763,-13.4863647943885,-12.2284076643426
-10,5.74769862162146,5.58517931371955,-13.4039558594792,-12.2733774713344
-9,5.75968594394043,5.61207365777246,-13.3251072087729,-12.3197034363094
-8,5.7687325347902,5.63633951700839,-13.2498249389081,-12.3672658876934
-7,5.77483165626574,5.65796549637883,-13.1781122570787,-12.4159388238318
-6,5.77797782467684,5.67694120269198,-13.1099699203959,-12.4655900592929
-5,5.77816679144177,5.69325726281868,-13.0453966275354,-12.5160814100771
-4,5.77539552178831,5.70690534197588,-12.9843893655131,-12.5672689219579
-3,5.76966217164557,5.71787816217981,-12.9269437143508,-12.6190031461039
-2,5.76096606309025,5.72616952092123,-12.8730541123266,-12.6711294659484
-1,5.74930765868439,5.73177431007441,-12.8227140844415,-12.7234884789762
0,5.73468853501004,5.73468853501004,-12.7759164366739,-12.7759164366739
1,5.71711135567003,5.73490933384106,-12.7326534185348,-12.8282457453208
2,5.69657984398394,5.7324349966896,-12.6929168563732,-12.8803055295868
3,5.67309875556608,5.72726498482476,-12.6566982598148,-12.9319222600336
4,5.64667385092786,5.71939994948386,-12.6239889036389,-12.9829204445917
5,5.61731186820191,5.70884175015646,-12.5947798873121,-13.0331233829178
6,5.58502049604048,5.69559347207994,-12.5690621743041,-13.0823539812198
7,5.54980834669735,5.67965944266963,-12.5468266131953,-13.1304356237147
8,5.51168492926051,5.66104524658489,-12.5280639424735,-13.1771930953562
9,5.4706606229646,5.63975773911643,-12.5127647807817,-13.2224535488971
10,5.42674665047668,5.61580505756893,-12.5009196042404,-13.2660475077538
11,5.37995505101863,5.5891966303086,-12.4925187123217,-13.3078098945952
12,5.33029865316287,5.55994318314564,-12.487552183598,-13.3475810741104
13,5.27779104711799,5.52805674272949,-12.4860098225337,-13.3852078971173
14,5.22244655630542,5.49355063664762,-12.4878810983307,-13.4205447320801
15,5.16428020801873,5.45643948993889,-12.4931550766854,-13.4534544693055
16,5.10330770295414,5.41673921775791,-12.5018203451656,-13.4838094826104
17,5.03954538340245,5.37446701395887,-12.5138649327735,-13.5114925331653
18,4.97301019990106,5.32964133540438,-12.5292762241323,-13.5363976005397
19,4.90371967615773,5.28228188184732,-12.548040868613,-13.5584306267319
20,4.83169187207624,5.23240957128068,-12.5701446846184,-13.5775101601563
21,4.75694534473705,5.18004651070101,-12.5955725591527,-13.5935678881634
22,4.67949910721302,5.12521596228556,-12.624308342741,-13.6065490486502
23,4.5993725851308,5.06794230503902,-12.6563347397166,-13.6164127136125
24,4.51658557092173,5.0082509920243,-12.6916331938695,-13.6231319400356
25,4.43115817574157,4.94616850334962,-12.7301837694497,-13.6266937862133
26,4.34311077907517,4.88172229514224,-12.7719650275395,-13.6270991943445
27,4.25246397607988,4.81494074479537,-12.8169538978577,-13.6243627429736
28,4.15923852275872,4.74585309282854,-12.8651255461268,-13.6185122754227
29,4.06345527909134,4.67448938175097,-12.9164532372279,-13.6095884127192
30,3.96513515028593,4.60088039236333,-12.9709081944855,-13.5976439615708
31,3.86429902634855,4.52505757797171,-13.0284594555612,-13.5827432296275
32,3.76096772019686,4.44705299702055,-13.0890737255941,-13.5649612615402
33,3.65516190457236,4.36689924467598,-13.1527152284014,-13.5443830101722
34,3.54690204802898,4.28462938390737,-13.2193455567476,-13.5211024577193
35,3.43620835029518,4.20027687662289,-13.2889235228948,-13.4952217014843
36,3.32310067732173,4.11387551541229,-13.3614050108628,-13.4668500186444
37,3.20759849633726,4.02545935643946,-13.4367428320506,-13.4361029236054
38,3.08972081123942,3.93506265400515,-13.5148865860936,-13.403101230505
39,2.96948609864916,3.84271979726977,-13.5957825290494,-13.3679701321682
40,2.84691224495128,3.74846524958545,-13.6793734512136,-13.3308383054019
41,2.72201648463435,3.65233349083721,-13.7655985670599,-13.291837051
42,2.59481534022846,3.55435896313531,-13.8543934199597,-13.2510994752799
43,2.46532456411995,3.45457602013584,-13.9456898044727,-13.208759718433
44,2.33355908249843,3.35301888019514,-14.0394157090796,-13.1649522334983
45,2.19953294166344,3.24972158348668,-14.1354952822629,-13.119811118393
46,2.06325925688669,3.14471795312878,-14.2338488247982,-13.0734695021819
47,1.92475016399068,3.03804156028815,-14.3343928110056,-13.0260589856627
48,1.7840167737668,2.92972569314023,-14.437039941491,-12.9777091353994
49,1.64106912931572,2.81980332948382,-14.5416992295934,-12.9285470295401
50,1.49591616635124,2.70830711272594,-14.6482761233098,-12.878696853131
51,1.34856567646473,2.59526933087516,-14.7566726638958,-12.8282795401475
52,1.19902427330406,2.48072189810886,-14.8667876816235,-12.7774124591249
53,1.04729736157593,2.36469633841384,-14.9785170283026,-12.7262091390436
54,0.893389108736878,2.24722377074138,-15.0917538451413,-12.6747790320138
55,0.737302419195435,2.12833489506864,-15.2063888633233,-12.6232273092794
56,0.579038910805972,2.00805997871894,-15.3223107333212,-12.5716546871175
57,0.418598893395846,1.88642884226523,-15.4394063774503,-12.5201572793197
58,0.255981349030368,1.76347084432415,-15.5575613585081,-12.4688264731032
59,0.091183913686496,1.63921486454308,-15.6766602555671,-12.4177488254896
60,-0.0757971400237865,1.51368928408998,-15.7965870361029,-12.3670059774052
61,-0.244966919465304,1.38692196297516,-15.9172254117007,-12.316674582979
62,-0.416331928332895,1.25894021356567,-16.0384591626089,-12.2668262517462
63,-0.589900083168131,1.12977076969606,-16.1601724144673,-12.2175275016932
64,-0.765680730472301,0.999439750833302,-16.2822498486575,-12.168839721298
65,-0.943684664852827,0.86797262081808,-16.4045768259868,-12.1208191389345
66,-1.12392414863842,0.735394140778316,-16.5270394018654,-12.0735167982052
67,-1.30641293338936,0.601728315892632,-16.6495242098445,-12.0269785379531
68,-1.49116628371347,0.466998335770332,-16.7719181894126,-11.9812449758773
69,-1.67820100377392,0.33122650830912,-16.8941081333709,-11.9363514948341
70,-1.86753546684388,0.194434186990334,-17.0159800299917,-11.8923282310564
71,-2.05918964822153,0.0566416916732832,-17.1374181755909,-11.8492000636607
72,-2.25318516176962,-0.0821317769471646,-17.2583040341993,-11.8069866049413
73,-2.44954530028406,-0.221868228953046,-17.3785148227937,-11.7657021910775
74,-2.64829507982595,-0.362550982518597,-17.4979218031761,-11.725355872998
75,-2.84946128807054,-0.504164766463931,-17.6163882652064,-11.6859514072661
76,-3.05307253663338,-0.6466958274904,-17.7337671908914,-11.6474872469716
77,-3.2591593172279,-0.790132041454792,-17.8498985950406,-11.6099565327304
78,-3.46775406138812,-0.934463027961178,-17.9646065460969,-11.5733470840265
79,-3.67889120335464,-1.0796802674795,-18.0776958806846,-11.5376413912555
80,-3.89260724556844,-1.22577722014014,-18.1889486377711,-11.5028166089689
81,-4.10894082604448,-1.37274944530483,-18.2981202535566,-11.4688445509654
82,-4.32793278670269,-1.52059472097693,-18.4049355767216,-11.4356916880228
83,-4.54962624151492,-1.66931316208874,-18.509084785878,-11.4033191492296
84,-4.77406664307888,-1.8189073366911,-18.6102193172801,-11.37168272804
85,-5.00130184595095,-1.96938237907103,-18.7079479410891,-11.3407328943494
86,-5.23138216475247,-2.12074609883599,-18.8018331584307,-11.3104148140683
87,-5.46436042470449,-2.27300908503008,-18.8913881282234,-11.2806683778517
88,-5.70029200183556,-2.42618480438528,-18.9760743705738,-11.2514282408249
89,-5.93923484963865,-2.58028969286201,-19.0553005297087,-11.2226238753239
90,-6.18124950841595,-2.73534323969442,-19.1284225099686,-11.1941796388452
91,-6.42639909293302,-2.89136806322824,-19.1947453180231,-11.1660148595582
92,-6.67474925329259,-3.04838997792031,-19.2535269466169,-11.1380439418868
93,-6.92636810311635,-3.20643805195857,-19.303984612334,-11.1101764947888
94,-7.18132610817222,-3.36554465505759,-19.3453036044179,-11.082317485466
95,-7.43969592748183,-3.5257454960872,-19.3766489069986,-11.0543674213069
96,-7.70155219766234,-3.68707965029742,-19.3971796191782,-11.0262225628887
97,-7.96697124976912,-3.84958957601193,-19.4060660170077,-10.9977751708498
98,-8.23603074617633,-4.01332112077226,-19.4025088856051,-10.968913789371
99,-8.5088092230228,-4.17832351702379,-19.3857605135987,-10.9395235688652
100,-8.78538552141757,-4.34464936754256,-19.3551465088307,-10.9094866302732
101,-9.06583808789591,-4.51235462090567,-19.3100873933937,-10.878682473079
102,-9.35024412149214,-4.68149853740709,-19.2501187999719,-10.8469884287935
103,-9.63867854119717,-4.85214364591409,-19.1749090498106,-10.8142801612017
104,-9.93121274344822,-5.02435569224448,-19.0842729660572,-10.7804322141199
105,-10.2279131146083,-5.19820357972224,-18.9781809704283,-10.7453186067749
106,-10.5288392581063,-5.37375930263607,-18.8567628134893,-10.708813476178
107,-10.8340418900174,-5.5510978733816,-18.7203056684534,-10.6707917650511
108,-11.1435603504046,-5.73029724411295,-18.5692467306877,-10.631129952956
109,-11.4574196708148,-5.91143822376111,-18.4041608594319,-10.5897068273095
110,-11.7756271311242,-6.09460439129488,-18.2257441273054,-10.5464042899376
111,-12.0981682317974,-6.27988200610427,-18.0347943714962,-10.5011081937691
112,-12.4250020011053,-6.46735991637441,-17.8321899499152,-10.453709203195
113,-12.7560555517623,-6.65712946628977,-17.6188678966244,-10.4041036705803
114,-13.0912177990119,-6.84928440286267,-17.3958025603103,-10.3521945204144
115,-13.430332254137,-7.0439207831142,-17.1639856251774,-10.2978921316819
116,-13.7731888161,-7.24113688224903,-16.9244081876112,-10.2411152082531
117,-14.1195145027613,-7.44103310335495,-16.6780453251512,-10.1817916264664
118,-14.4689630961103,-7.64371188902125,-16.4258433719721,-10.119859248649
119,-14.8211037285208,-7.84927763510194,-16.1687099246466,-10.0552666911166
120,-15.1754085156434,-8.05783660664872,-15.9075064528134,-9.98797403524068
121,-15.5312394534687,-8.2694968557947,-15.6430432838723,-9.91795347048831
122,-15.8878349498234,-8.48436814108014,-15.3760766661213,-9.84518985893595
123,-16.2442965604634,-8.70256184736465,-15.1073075847678,-9.76968121163048
124,-16.5995767500348,-8.92419090505544,-14.8373820024576,-9.69143906831253
125,-16.9524687947837,-9.14936970688743,-14.5668922126725,-9.61048877340105
126,-17.3016002719047,-9.37821401989844,-14.2963790236352,-9.52686964273295
127,-17.6454319077451,-9.61084088953521,-14.0263345264602,-9.44063501731519
128,-17.9822638291412,-9.84736853197581,-13.7572052398222,-9.35185220222717
129,-18.3102513986668,-10.0879162097352,-13.4893954612418,-9.26060229075271
130,-18.6274327120589,-10.3326040843944,-13.2232706902051,-9.16697987576435
131,-18.9317693805484,-10.5815530388181,-12.9591610195829,-9.07109265226778
132,-19.2212013143185,-10.8348844594527,-12.6973644187158,-8.97306091678512
133,-19.4937148248419,-11.0927199671516,-12.4381498540298,-8.87301697085951
134,-19.7474215378307,-11.3551810824017,-12.1817602114021,-8.7711044373575
135,-19.9806435643109,-11.6223888077133,-11.928414999107,-8.6674774993947
136,-20.1919984750772,-11.8944631061946,-11.6783128215377,-8.56230007259039
137,-20.3804763233825,-12.171522250826,-11.4316336225017,-8.45574492195653
138,-20.5455007069419,-12.4536820135339,-11.1885407032234,-8.34799273504345
139,-20.6869669294013,-12.7410546566613,-10.9491825246699,-8.23923116300878
140,-20.8052526862477,-13.0337476816563,-10.7136943068337,-8.12965384106555
141,-20.9011999825361,-13.3318622805076,-10.4821994394735,-8.01945939932631
142,-20.9760705400894,-13.6354914244263,-10.2548107198031,-7.90885047442486
143,-21.0314800380821,-13.9447175112364,-10.0316314329376,-7.79803273150027
144,-21.0693185628554,-14.2596094776474,-9.81275629074272,-7.6872139052091
145,-21.0916653363814,-14.5802192648326,-9.59827224421402,-7.57660286742615
146,-21.1007052138288,-14.9065775054025,-9.38825918375434,-7.46640872824045
147,-21.0986529271873,-15.2386882769992,-9.18279054080016,-7.35683997578252
148,-21.0876890673098,-15.576522742692,-8.9819338032375,-7.24810365936342
149,-21.0699097824138,-15.9200114719835,-8.78575095599114,-7.14040461938794
150,-21.047290448152,-16.2690352101573,-8.59429885710555,-7.03394476654696
151,-21.0216622998466,-16.6234138407221,-8.40762955858749,-6.92892241191078
152,-20.9947002421418,-16.982893270389,-8.22579058026725,-6.82553164874825
153,-20.9679197038063,-17.3471299653812,-8.0488251439721,-6.72396178619282
154,-20.9426803798401,-17.7156728923861,-7.87677237439958,-6.62439683426766
155,-20.9201948863164,-18.0879426820774,-7.70966747223529,-6.5270150392692
156,-20.9015406476605,-18.4632079584052,-7.54754186428377,-6.43198846808779
157,-20.8876736681926,-18.8405589896448,-7.3904233346714,-6.3394826397103
158,-20.8794431617861,-19.2188791503385,-7.23833614053835,-6.24965620189731
159,-20.8776062985788,-19.5968151731009,-7.09130111505966,-6.16266065084738
160,-20.8828425643367,-19.9727478490374,-6.94933576012298,-6.07864009154676
161,-20.8957674148176,-20.3447657227608,-6.81245433053829,-5.99773103644438
162,-20.9169450484686,-20.7106454029164,-6.68066791126157,-5.92006224008293
163,-20.9469002227279,-21.0678432839484,-6.55398448877522,-5.84575456734693
164,-20.9861291094379,-21.4135045565866,-6.43240901748119,-5.77492089305294
165,-21.0351092302268,-21.7444960437033,-6.31594348172349,-5.70766603069688
166,-21.0943085389257,-22.0574691668724,-6.20458695386246,-5.64408668828305
167,-21.1641937295801,-22.3489576843791,-6.09833564866962,-5.58427144928417
168,-21.2452378484866,-22.6155112897465,-5.99718297419635,-5.52830077691537
169,-21.3379272786628,-22.8538606250333,-5.90111957918794,-5.4762470400452
170,-21.4427681456378,-23.0611023127792,-5.81013339706371,-5.42817455920754
171,-21.5602921633681,-23.2348856546791,-5.72420968646058,-5.3841396713195
172,-21.6910618957018,-23.3735777725192,-5.64333106833826,-5.34419081184709
173,-21.8356753472363,-23.4763833124537,-5.5674775596665,-5.30836861329202
174,-21.9947697098769,-23.5433996215594,-5.49662660375489,-5.27670601899729
175,-22.169023966027,-23.575598031746,-5.4307530973413,-5.24922841138508
176,-22.3591598683362,-23.5747341964288,-5.36982941462348,-5.22595375384615
177,-22.5659405528115,-23.5432019219354,-5.31382542849622,-5.20689274559594
178,-22.7901656576112,-23.4838525542384,-5.2627085293423,-5.19204898889635
179,-23.0326612560528,-23.3998041836811,-5.21644364181636,-5.18141916811506
180,-23.2942620844129,-23.2942620844129,-5.17499324015445,-5.17499324015445
